<?xml version="1.0" encoding="UTF-8"?>
<project-private xmlns="http://www.netbeans.org/ns/project-private/1">
    <editor-bookmarks xmlns="http://www.netbeans.org/ns/editor-bookmarks/2" lastBookmarkId="0"/>
    <open-files xmlns="http://www.netbeans.org/ns/projectui-open-files/2">
        <group>
            <file>file:/C:/MerkandSpen/proyecto%203er%20parcial/src/login.java</file>
            <file>file:/C:/MerkandSpen/proyecto%203er%20parcial/src/FromPerfil.java</file>
            <file>file:/C:/MerkandSpen/proyecto%203er%20parcial/src/interfazAdmin.java</file>
            <file>file:/C:/MerkandSpen/proyecto%203er%20parcial/src/FormSolicitarArti.java</file>
            <file>file:/C:/MerkandSpen/proyecto%203er%20parcial/src/interfazUsuario.java</file>
            <file>file:/C:/MerkandSpen/proyecto%203er%20parcial/src/ConexionDB.java</file>
            <file>file:/C:/MerkandSpen/proyecto%203er%20parcial/src/Inventario.java</file>
            <file>file:/C:/MerkandSpen/proyecto%203er%20parcial/src/FormAdminUsuarios.java</file>
            <file>file:/C:/MerkandSpen/proyecto%203er%20parcial/src/FormPedidos.java</file>
            <file>file:/C:/MerkandSpen/proyecto%203er%20parcial/src/FormAdmiSoli.java</file>
            <file>file:/C:/MerkandSpen/proyecto%203er%20parcial/src/FromNusuario.java</file>
            <file>file:/C:/MerkandSpen/proyecto%203er%20parcial/src/adminUsuarios.java</file>
        </group>
    </open-files>
</project-private>
